{"ISIN":{"0":"US0000000000","1":"US0000000001","2":"US0000000002","3":"US0000000003","4":"US0000000004","5":"US0000000005","6":"US0000000006","7":"US0000000007","8":"US0000000008","9":"US0000000009","10":"US0000000010","11":"US0000000011","12":"US0000000012","13":"US0000000013","14":"US0000000014","15":"US0000000015","16":"US0000000016","17":"US0000000017","18":"US0000000018","19":"US0000000019"},"Total Energy Use":{"0":7000000,"1":80000000,"2":153000000,"3":226000000,"4":299000000,"5":0,"6":445000000,"7":518000000,"8":591000000,"9":664000000,"10":737000000,"11":810000000,"12":883000000,"13":956000000,"14":1029000000,"15":1102000000,"16":1175000000,"17":1248000000,"18":1321000000,"19":1394000000},"Total CO2 Equivalents Emissions":{"0":94972.49198,"1":306900.6192,"2":171320.1651,"3":2250.272892,"4":132696.7376,"5":204269.3867,"6":64963.62994,"7":89288.41927,"8":59887.44837,"9":270793.8773,"10":436123.8946,"11":219384.6241,"12":907965.0176,"13":63194.4312,"14":58244.40199,"15":9657.810784,"16":8939.83813,"17":294541.4886,"18":617044.557,"19":683013.3757},"Renewable Energy Purchased":{"0":10576.00479,"1":31961.79405,"2":62884.91047,"3":12949.74785,"4":42559.65263,"5":9991.766644,"6":9515.906056,"7":32904.92748,"8":4408.314004,"9":6147.617183,"10":61287.84832,"11":18766.81362,"12":11742.15742,"13":76353.30911,"14":898.2632691,"15":null,"16":10044.20882,"17":29398.99459,"18":15389.82384,"19":null},"Renewable Energy Produced":{"0":96652.16115,"1":38372.1921,"2":10689.83474,"3":null,"4":69567.95366,"5":55829.34503,"6":24720.73308,"7":4051.865565,"8":31232.14481,"9":9418.298827,"10":9800.114222,"11":13746.23147,"12":15078.18917,"13":49.54423131,"14":903570.7574,"15":null,"16":3664.637195,"17":28384.09547,"18":6266.641717,"19":3177.824916},"Carbon Credit Value":{"0":8171.323352,"1":null,"2":84303.7259,"3":null,"4":17515.5,"5":26647.856,"6":10556.11359,"7":8902.593156,"8":8838.602818,"9":2135.478871,"10":45901.30643,"11":47047.32813,"12":3432.989027,"13":6784.725662,"14":2965.056586,"15":83257.80621,"16":7357.74964,"17":31341.08653,"18":8289.310471,"19":9323.29235},"CO2 Analytic":{"0":null,"1":null,"2":null,"3":null,"4":null,"5":null,"6":53170.89797,"7":80180.67966,"8":null,"9":null,"10":null,"11":171647.988,"12":null,"13":null,"14":null,"15":null,"16":null,"17":null,"18":null,"19":null},"C02 Adjusted Total":{"0":81902.9884579866,"1":null,"2":86464.0650414689,"3":null,"4":111694.6424697395,"5":null,"6":53170.8979692423,"7":80180.6796602879,"8":49487.0479228868,"9":268186.2398061843,"10":389716.3572873974,"11":171647.9879632202,"12":903772.1048690465,"13":56404.9756759723,"14":10100.783406009,"15":null,"16":1398.8498681959,"17":261778.0972054757,"18":608438.3684037838,"19":null}}